step,q_meas,fo_meas,k_meas
1,23.271265445183836,0.988798,2.739248925724592
10,17.469279766110542,0.992956,2.73307468786392
100,16.317739662478164,1.00845,2.719559093058359
1000,21.21949285161726,1.00308,2.7445680289228744
101,24.2468318124623,0.998327,2.7662409111133273
102,19.219407720570903,0.995279,2.725837738928533
103,22.928993965176225,1.00322,2.7473816928239714
104,28.21824501089436,1.00766,2.7603108975815176
105,24.377266208200517,1.00069,2.7240213053786633
106,30.942471528448085,0.997311,2.7474860751289953
107,27.140009791040946,1.00041,2.751024765192375
108,19.448898059764947,1.00478,2.744827144812363
109,19.78312977842425,0.99743,2.7417130550175757
11,24.949681159654933,1.00135,2.746002953422899
110,19.889322967818106,0.994034,2.7476727079217107
111,20.1764613586742,0.999543,2.7450578417360405
112,21.473359748208548,1.00227,2.7633570296176853
113,21.93966540503066,1.00972,2.746787105641127
114,18.933678570501954,1.005,2.729537089732489
115,24.887427048062907,0.99327,2.753036694319247
116,25.732086343665586,0.995626,2.7311590992606227
117,18.226152511034392,1.00049,2.7302190964903548
118,18.220907357524556,1.00047,2.7322567024818283
119,18.122996225580888,0.993746,2.7179596184522903
12,17.898432573374443,1.00115,2.7359427155533083
120,24.402257184272028,0.998561,2.763783374438732
121,20.36291741895661,0.99988,2.750043097746397
122,23.793865373303433,0.996455,2.7569475253826914
123,26.0378427594047,0.997627,2.7375968974097797
124,22.035859770892213,0.99809,2.748337097006483
125,29.370071243509123,0.999817,2.7531983461469145
126,20.910287304225303,1.00966,2.746085152424205
127,17.461638782060717,1.00095,2.7218112198954696
128,18.668094901206413,0.999303,2.7376000491864976
129,22.170730354378268,0.989319,2.7439645733377303
13,19.002686343972584,0.993497,2.7332351675696054
130,20.505955000639815,1.00234,2.7514618782497813
131,23.981149692793856,0.994312,2.732436009091414
132,25.641297644277067,1.00063,2.740128942899518
133,23.085272215263743,0.999078,2.7326530802048388
134,33.32728995761377,0.997704,2.77812958879595
135,21.740273331990572,0.997592,2.7601520058867117
136,19.311010500525576,0.998557,2.753090577207191
137,21.262043385536842,0.997067,2.773732019695977
138,24.833046399782653,0.994485,2.7468724905672923
139,18.64811763014676,1.0053,2.7359143668660737
14,26.033046853250227,1.00118,2.770419274198407
140,18.485661661981798,0.992905,2.725636899180839
141,23.889111638836763,1.00301,2.718814015210491
142,23.811403801814034,1.01227,2.7630420857635563
143,19.51866004228823,1.00123,2.742218143745319
144,17.815171192430014,0.991634,2.7376284153402444
145,20.83747059607488,1.00367,2.757595108266524
146,27.796492632328388,1.00603,2.760828948022919
147,33.9507990432005,1.00385,2.758134876864532
148,28.052721488579348,0.995825,2.7532966097392046
149,24.479638492591697,0.997722,2.757201461327659
15,23.019453027081042,0.991949,2.737826986646436
150,23.103086279191768,1.00181,2.7400406130024404
151,18.27637245583138,1.00086,2.736957161864382
152,25.920597004129885,0.99499,2.7571157553314736
153,25.77804633613222,1.00085,2.7573601831705776
154,23.738867696142393,1.00127,2.748862394443377
155,17.292588221735546,1.00454,2.7245952804537947
156,19.839923808728567,1.00163,2.730476857690743
157,25.36997270651729,1.01067,2.7566301383396032
158,22.020136156240618,1.00666,2.738381801860329
159,19.67478521652548,0.996582,2.7416404561612673
16,15.837987650747756,1.00452,2.728330638084657
160,22.354244668529667,0.996543,2.767040399511853
161,26.895833030444305,1.00153,2.7668811204469264
162,19.99654662022168,0.995937,2.7472868032607054
163,19.397466030965774,1.00314,2.744991474881034
164,20.471044388744843,1.00373,2.761709538965053
165,18.547270247251884,0.990247,2.7444479591221955
166,30.342754271182358,0.997823,2.7607717352235186
167,30.819103405597303,1.00986,2.7560684528428254
168,19.20591489093206,0.995315,2.748580746587192
169,21.388976336644323,0.990009,2.7295779424823934
17,24.227299046574903,1.0075,2.7669320887501363
170,17.651434277219334,0.996826,2.749849972176589
171,15.452722300400112,0.996662,2.7281987147916347
172,23.689178478311877,0.996704,2.738838978410106
173,21.175320873689454,1.00633,2.73512387179558
174,17.606985233402302,0.997909,2.719390023875778
175,21.560309952155144,1.00316,2.7639424751779313
176,22.93744287497961,0.991601,2.7512053034716244
177,34.307968290139506,1.00154,2.7748690949130586
178,19.079851929103295,1.002,2.74214237450468
179,23.70882330500893,1.00332,2.7474797488157985
18,20.086071300712963,0.998136,2.7213098899158146
180,30.616461807161595,0.99663,2.770339536269407
181,28.974103022709436,1.00005,2.7450293986017034
182,19.313011540214887,0.990685,2.748457336957231
183,26.669200719185163,1.0106,2.7534582768284936
184,23.791673978233923,1.00694,2.7596213739134785
185,21.220225759592882,1.00307,2.730253672799152
186,21.696016376524437,1.00093,2.7416120484364415
187,23.356620266117005,1.00273,2.7347995514695036
188,17.62625301966168,0.990681,2.7398513442395362
189,22.61413601765398,0.993794,2.7381043802007814
19,28.953428647598063,1.00099,2.7771734198527573
190,21.14073099126584,1.00092,2.7505338876746626
191,27.294491012709123,0.997109,2.770894559859205
192,17.699459327651244,0.994159,2.731998773261363
193,24.865374238231148,1.00241,2.778219146556329
194,21.811473206229397,1.0042,2.731168532366256
195,23.189426062635434,0.98569,2.7518610421326106
196,20.913657915965807,0.987145,2.736071863290063
197,27.456805041774146,1.00106,2.7357222335058804
198,19.40975260748664,0.99513,2.7472678257413334
199,24.484430109790782,1.00934,2.7326751028754432
2,17.186205481742267,1.00732,2.743421260908184
20,25.77804633613222,0.994673,2.753020846611728
200,18.797928786478447,0.997233,2.7507587303746845
201,23.280108496302386,0.998802,2.743658157169389
202,16.94045223939006,1.00368,2.7195058664413048
203,21.41361548639109,0.993943,2.73118425428138
204,18.523796446862608,0.995675,2.7144822115650213
205,26.940769737642793,0.996709,2.751024765192375
206,22.89022175309662,0.990653,2.730775513900069
207,18.963783999839183,1.00465,2.742338115991411
208,21.619218955310753,1.00158,2.7757477726820854
209,21.27894049023986,0.99277,2.7314546853874635
21,31.138665771825615,0.995548,2.7597484621005273
210,22.05210237566442,1.00241,2.7433012412764954
211,20.4984017190828,1.00104,2.75909719700161
212,29.45065783477982,0.997379,2.7487421367721088
213,19.163948716583565,0.996856,2.730511437263906
214,17.406241308637178,0.996186,2.729417677507739
215,18.52166393874378,0.992179,2.731445251293494
216,23.919109115177477,1.0037,2.763516105813798
217,22.831003467171158,0.995925,2.7362073174660475
218,22.563423765802195,1.00483,2.7389934898085104
219,41.462453741728915,1.00144,2.7786989694357693
22,25.54200584828256,0.987199,2.7583857464628707
220,29.332224480056905,1.00438,2.7501317500906834
221,21.899288247978475,0.99876,2.7492675116253977
222,26.687936769196398,1.00183,2.7495967132976147
223,25.753721800307858,1.01201,2.7446249059250825
224,22.314132111296587,0.991428,2.7364026352924684
225,26.266971326331895,1.01134,2.7478466990612938
226,37.5980222021593,0.996517,2.7674991744503075
227,18.56500198510055,0.990979,2.7384448561574253
228,31.103194773553273,1.00004,2.7514238656617347
229,28.65728217465883,1.00111,2.741463701766765
23,23.482806526941012,0.993919,2.7429948991818756
230,23.815242055973076,0.998797,2.737303798035158
231,18.359675459842,1.00537,2.7293705425413104
232,21.919719887969823,0.993776,2.757490341899797
233,18.91298159812824,0.993039,2.7397630232910375
234,17.395022706982218,1.00438,2.7276365418029322
235,33.07653440155312,1.00652,2.755573502884554
236,21.984672478184702,0.999082,2.7228956618091127
237,23.50471556085628,0.993646,2.741697272493977
238,20.93341098409086,0.989662,2.733987345082058
239,21.37863634976515,0.995115,2.7459049501370605
24,22.39597633911158,0.998546,2.745528776457868
240,18.182768106472377,1.01105,2.7363364776931
241,19.713103404727246,1.00664,2.7410723575875653
242,25.753721800307858,0.996518,2.7306434723896778
243,21.593100197488766,1.00642,2.725567863935297
244,27.6509463775961,1.00747,2.765094637759609
245,26.721756364564907,1.00751,2.750685891994519
246,15.600912462109967,1.00798,2.7183633109269945
247,21.129294677654052,1.00505,2.7546124117443416
248,24.180484583960915,1.00474,2.741088136513854
249,25.129566684089234,0.998772,2.7485048015437683
25,26.42013302800211,0.990898,2.728779853323985
250,18.623015297082226,0.992304,2.7394602302245117
251,21.72426040672134,1.00021,2.753207855373541
252,18.407931942618017,0.992321,2.7221998141530555
253,24.502477552707944,1.00498,2.7503470605393066
254,25.518197831080872,0.988836,2.7707350589373605
255,20.980701260944578,1.00036,2.724858784919203
256,29.51379116815462,0.997764,2.7527039116182173
257,20.99205714778679,0.997469,2.7435760308157153
258,23.099096862020502,1.00228,2.764286164032582
259,16.49586143927957,0.998631,2.734003083223619
26,24.142653425032904,0.997236,2.738356580548015
260,21.36903940923251,1.00204,2.7314012259524714
261,21.52087871729564,1.00972,2.732907924820378
262,28.375269825207525,0.998389,2.769810134630144
263,22.86467327998741,0.997399,2.7439456187674303
264,25.13303870186061,1.00417,2.7422023583142043
265,14.8200612995613,1.00193,2.727718191023077
266,28.188047846567013,0.9984,2.738958802817465
267,25.354497050449066,0.993729,2.757557010945358
268,20.94377675611356,0.996357,2.731844656447116
269,21.371745802338403,1.00644,2.7462337491708073
27,19.09061854646568,1.00037,2.738325054234287
270,25.95822544954688,1.0043,2.729948787715304
271,31.03666152631734,1.00389,2.749875299347441
272,25.61415303837921,0.999152,2.770132228394485
273,19.48475727137762,1.00253,2.7594339295201316
274,23.257605518280297,0.983914,2.7431306960952484
275,26.05823521929788,0.998757,2.751164127031688
276,27.324674676046143,1.00625,2.7796396626809834
277,18.32272232258198,1.00133,2.735079787162678
278,28.705161855378485,0.995195,2.7754346119721363
279,24.01458024870544,0.99865,2.7422023583142043
28,24.898604113761397,0.996214,2.7549263947466476
280,26.390948548768925,0.999407,2.763264769619665
281,31.69749923264858,1.01111,2.769000282159953
282,15.306644650240292,0.992749,2.7171367722043036
283,19.292566237709813,0.998237,2.7278752156236785
284,25.18546652750819,1.00377,2.734349345259746
285,37.66647683412091,0.991742,2.7736649595896354
286,19.86392194519009,1.00109,2.7192303570765746
287,30.567153649526396,1.00182,2.7569030889968884
288,24.330442076667815,0.992643,2.743067533903943
289,21.81097098428084,1.00042,2.740069004444544
29,31.90913269288084,1.00844,2.7558209667519624
290,25.35245380174016,1.00085,2.748064994436007
291,21.142921629698428,0.997997,2.7349538349839357
292,21.039237686521304,0.99245,2.7448808670216507
293,20.860273587291637,1.00614,2.739734635019381
294,23.82950384616471,0.993204,2.7397472519926915
295,18.94458080962556,0.994861,2.715888899335113
296,21.5513758030372,0.997879,2.7354387826956947
297,17.725969593680382,1.00487,2.7346106447338
298,17.35261774660317,1.00507,2.7332509013812722
299,22.604765184683426,1.00499,2.7507270612767525
3,21.27453125571926,0.996966,2.7309830206023897
30,15.679059203691686,0.998324,2.719690598578533
300,22.658178822208573,0.99688,2.7442994590034178
301,21.081426762531873,1.0045,2.7219616368981874
302,24.801902734763253,0.99406,2.747735976152288
303,18.698639124486682,1.00038,2.717042927245548
304,27.23046138741961,1.00552,2.7512591505152852
305,18.930409122364527,0.999846,2.758623934917415
306,23.76210989090266,1.0035,2.7211125165748293
307,20.541634618558952,1.00752,2.7418519451428303
308,16.816282711303604,1.0132,2.730725211619446
309,18.758149810658846,0.997804,2.721200236292335
31,26.1234180234544,0.999633,2.7515885906695163
310,24.117095326466966,0.997354,2.7440498705244014
311,24.52477321098088,0.992286,2.738164275679997
312,18.130717872166482,1.00713,2.7325649912972167
313,22.947479999062807,1.00204,2.757172892366245
314,28.434788350285768,0.995461,2.7358734192808623
315,19.33103023079836,1.00506,2.743544444411192
316,28.840979111706222,0.998155,2.747372203720162
317,21.135377052804998,1.00842,2.731762883708828
318,21.161429408450797,0.998142,2.726509404314216
319,22.001130648786464,0.995686,2.7353663499782144
32,17.979184950780123,1.00595,2.7223095080555755
320,20.085840052602375,0.995345,2.7495144091842008
321,23.257605518280297,0.999444,2.7349380913694232
322,25.917314571067024,1.00157,2.7623614206885487
323,26.833974331035026,1.00846,2.7529289317070895
324,39.38673671800455,1.00059,2.766170847444691
325,17.6045529065215,0.999895,2.7332603417117465
326,19.098972350689642,0.992623,2.7236230440260725
327,19.610108655088766,0.997033,2.750100088211087
328,23.842127164365877,1.00431,2.7451052476148683
329,33.13751978195228,1.00126,2.765448021385185
33,23.49741027929995,1.00033,2.751024765192375
330,24.897457517069597,1.00376,2.7322661393784555
331,23.819629389756578,0.999652,2.7252823276300666
332,25.87229771147639,1.00001,2.7627589850592154
333,24.672604665375488,1.00718,2.747524033314079
334,19.947799758465187,0.99825,2.7292982705070545
335,21.26473622757498,1.00395,2.7546726683334066
336,22.50194195165486,0.999379,2.744583827971923
337,39.88182284255712,0.997938,2.7737607602378787
338,21.878371878640223,1.00507,2.760307719657985
339,18.342562180964777,1.00199,2.7245639125719774
34,15.563418651276981,1.00589,2.718632472553772
340,16.488836057656112,0.987509,2.712404773433107
341,22.503496384425496,0.99619,2.7478403719177313
342,25.177059137525266,1.01395,2.7646744565522376
343,20.79792462880791,1.00533,2.750657390544693
344,22.91157791613194,0.9971,2.74438160701223
345,25.522898889805166,1.00119,2.7563350011810335
346,47.58115718782263,0.999915,2.771452885396401
347,27.565444501026597,0.989995,2.7570840130460073
348,20.078210358334736,0.994869,2.7338960656475364
349,25.42055335207871,0.994369,2.746818729378383
35,18.831070097158566,1.00538,2.748773783017622
350,24.76081868610893,0.999351,2.7658619515207836
351,17.907295489779255,1.00131,2.736865783276806
352,26.79661891320499,0.995257,2.768525321420586
353,17.65549913812945,0.993993,2.7322881589306727
354,22.23309890651403,1.00385,2.737508649134889
355,18.1792097281889,0.999331,2.7483244404755656
356,22.54083500202413,0.995895,2.7587223921527975
357,27.648399748597047,1.0003,2.7493909576333486
358,27.598469594710792,1.006,2.757798302868839
359,20.048412987680322,1.00333,2.743102272929183
36,19.364888467468447,0.99921,2.7430549016402046
360,32.85413217403786,1.00284,2.7682990265073046
361,30.021680586523246,0.990546,2.7549263947466476
362,21.035604652601823,1.00383,2.7487421367721088
363,17.654279581578184,0.997124,2.7274135890743025
364,23.94721426402838,0.985267,2.7484699941001614
365,22.824433121735034,0.993779,2.7500620944367347
366,22.400102210407628,0.996271,2.7394413067690047
367,27.23485077296541,1.00397,2.758195210506809
368,25.36383971323727,0.990232,2.752478909922134
369,25.360043841355083,0.996245,2.741861415180309
37,20.905473086920132,0.990677,2.713626051911932
370,22.239242987564683,0.997902,2.7576141571244825
371,21.61897005628709,0.991624,2.7380161155668423
372,19.508101206001182,1.00857,2.7490396258646013
373,26.22285659892883,0.986041,2.744394245385686
374,24.61245867758881,1.00398,2.757245902522694
375,18.341717494209647,0.997175,2.7336348344534542
376,24.935036024790644,0.998881,2.7421581595904994
377,27.996581151755077,0.997871,2.7315270145237553
378,21.132213999246023,1.00548,2.71846033123229
379,33.99773622105188,0.992367,2.7490396258646013
38,20.458086003420178,1.00613,2.756601575297998
380,35.33092436053223,1.00324,2.7644134670461016
381,24.913801505887808,1.00907,2.7705723774556983
382,21.04868651148077,1.00403,2.733836263532509
383,24.43402421822074,0.988156,2.751338339258734
384,18.399456728321226,1.00171,2.7387790681722275
385,22.938499207583096,0.993405,2.7315364489001253
386,20.67497532944273,0.987211,2.740718933442585
387,17.54991429782552,1.01006,2.729188294996354
388,24.1921797121833,1.00772,2.763083439979893
389,27.152198502710753,0.996708,2.757918956748042
39,19.578075546512057,0.990589,2.718829666007093
390,22.080301537591502,0.992727,2.731602490447106
391,21.47657386420117,1.00308,2.729493095147149
392,23.37033834751183,0.992753,2.737826986646436
393,20.3427658362182,1.00193,2.7478973167342753
394,20.114766709441106,0.994706,2.74271069484381
395,32.540558309209196,1.00675,2.7553038560235805
396,22.84914743617097,0.991623,2.7501444149445886
397,18.31049141471677,1.00381,2.742833846441394
398,20.894885710011305,0.997497,2.750470555020534
399,16.66767409281372,0.999818,2.733732399810204
4,25.56200997591578,0.99345,2.7530113380310057
40,21.688024740906762,0.995719,2.7345728649525403
400,19.155345956650965,0.997255,2.7503470605393066
401,31.50866479600637,0.994076,2.767049956547321
402,22.892593676731778,0.991398,2.7540828447435315
403,18.381883105462133,1.01588,2.728644766839815
404,18.05302568306722,1.00588,2.720110206319814
405,25.94089763885212,0.996396,2.7577284530355586
406,18.203713846891866,0.987242,2.7309830206023897
407,23.010179152028506,0.997209,2.731133944471551
408,28.356002110241246,1.00179,2.7598977981990624
409,23.214001063437706,1.00141,2.760333143148693
41,21.949013215975125,1.00025,2.734535085693223
410,23.204648810581027,0.991495,2.7459460478633426
411,24.124593266435095,1.00149,2.7551579404909505
412,28.83101951048193,1.00267,2.734276941389891
413,30.029977029568652,1.00177,2.7527007424525456
414,32.01289867289205,0.991642,2.7659065323075533
415,32.098888929366076,1.00537,2.763936110972518
416,22.787411763046137,0.994192,2.7579157815783315
417,21.135620384226407,0.996989,2.740431809878984
418,25.215640261565714,1.00059,2.75137951830609
419,21.36707133860309,1.00995,2.760857554867236
42,35.86534394241277,1.00093,2.7426096515089426
420,25.033985710575127,0.995411,2.7725922183586253
421,20.207612254070728,0.998544,2.762393223732766
422,23.78619637350671,1.00216,2.7649704866658222
423,22.819703643851497,0.995716,2.747435465031294
424,20.48495432734658,0.993487,2.730929570398718
425,24.406752660198187,1.00494,2.76961243225692
426,27.04082888860536,0.995678,2.7564175094624184
427,20.12426372290685,0.997855,2.740684224600285
428,24.063843806287736,0.998799,2.7637738286856197
429,27.56036722614806,1.00659,2.7503185626003095
43,22.71877968495009,0.99289,2.7404444300629107
430,19.81527025805099,1.00127,2.7273256690651966
431,25.027357656692917,0.990922,2.745272754943519
432,21.372976094331104,0.99996,2.730118513354501
433,25.161990844984242,1.00081,2.7497011797587434
434,31.461903887190502,1.00482,2.756480979051809
435,45.33410018011312,1.00372,2.779652463424161
436,17.798770367401737,0.998772,2.737622111725122
437,20.266091540628363,0.996896,2.7455540638288527
438,21.96165172093953,1.00272,2.7663714890493916
439,22.074201367619633,1.00477,2.749049120727492
44,23.40561192672904,0.998284,2.7479985548775163
440,21.448404919609366,0.995222,2.726813905282179
441,19.066676585441147,1.01128,2.7362388193982903
442,18.82565085942563,1.00733,2.732118298409243
443,23.37464371945485,0.996943,2.7689269607548423
444,22.026982157251705,1.01258,2.756642833119761
445,23.3112198361218,1.00191,2.7424107333218073
446,17.65366983489331,1.00145,2.7394097679669764
447,26.964973635434195,0.992574,2.759541946768559
448,27.222624958418248,1.002,2.7686560071902027
449,21.8841659792263,1.0042,2.7225226402742226
45,20.079135015382885,1.00204,2.753182497508856
450,16.024887894412245,1.00386,2.7298482145378107
451,20.519416178312582,0.998362,2.741416358774663
452,17.37620773535137,0.998382,2.7306591912823053
453,17.314302466027833,0.995161,2.7246956601024803
454,22.568879616647116,0.993738,2.7426854336611006
455,25.45012970305564,1.01065,2.7716985842716286
456,30.9652791856458,1.00442,2.7473848558658576
457,16.650029219657913,0.998876,2.720570596740063
458,29.940565583675752,0.996231,2.756201723789741
459,23.419358782474802,0.989986,2.754916879584407
46,39.39308562154998,0.992916,2.7704575492195334
460,38.35659085557361,0.996147,2.7516487811131074
461,21.622205967118788,0.991501,2.74304226943464
462,20.450785801222548,1.00708,2.743197017961396
463,20.965489175644343,1.00655,2.741135473837709
464,16.869219917683587,0.997729,2.7345728649525403
465,21.14170458032409,0.995819,2.7568142183739437
466,21.337817680025307,0.997601,2.723610501307313
467,18.442933486620493,1.00496,2.7380791614436024
468,19.516188313143438,0.996634,2.7349443888043528
469,24.537482337750323,0.996899,2.7453391285991566
47,21.616481223649682,0.999254,2.7464234588298533
470,27.27972575415566,1.00013,2.7465278047283324
471,22.724273100959394,0.999289,2.746145222481199
472,19.852262084129762,0.998508,2.7556623335109123
473,30.109600968126284,1.00667,2.7601170509413038
474,18.476299775426504,0.99238,2.730360547794813
475,17.371607171842644,1.00803,2.731951593721375
476,26.544527549938504,1.00209,2.751091277916871
477,19.031148584593684,0.988945,2.734664166984065
478,30.293538153371603,0.992975,2.742145531514575
479,27.94505701347768,0.98907,2.749992440547033
48,21.154365318951445,0.998084,2.739352999038339
480,27.048301578088147,0.994543,2.7644866689335417
481,20.646193817895863,1.00438,2.749517574681469
482,24.856501352486696,0.996106,2.7394854617018627
483,30.355682377660955,0.994761,2.7465341288495946
484,17.348822353231036,1.00602,2.7396053143929135
485,26.198112333733565,1.0059,2.7564206829071782
486,23.657835081199757,0.996755,2.7460472141178585
487,19.868725054702768,0.997069,2.755855867290479
488,22.75752350696753,1.00488,2.753223704157572
489,34.681270590354075,1.00319,2.7781455810414237
49,27.634079330041462,0.995982,2.7306308973407254
490,27.581317014462343,1.00565,2.7464519164090055
491,20.974421920312693,1.01236,2.7415426085704784
492,24.567162585277504,1.00291,2.761690461817296
493,20.84850893004691,0.997847,2.7302473861649834
494,24.512917298419893,0.994088,2.7586969834975856
495,24.99424370086624,1.00614,2.7423033866435587
496,18.38823307950364,0.989937,2.724887019051963
497,22.33855105198317,0.998501,2.758741448797785
498,31.48726940572473,1.0092,2.770396947346946
499,37.55303136666003,1.00889,2.7707414387979488
5,20.75630290970367,0.994891,2.73253982355946
50,27.39775640395081,1.0105,2.74769168823792
500,27.117209727047932,0.998853,2.7494859198727872
501,17.628079481920874,0.995777,2.728823836413132
502,25.771221283099546,0.998651,2.7524060259926837
503,23.258676595257878,1.01016,2.7692106934934193
504,26.819149425457795,0.991081,2.734116400517293
505,23.01203362809665,0.997133,2.7351679571390477
506,33.910562983562755,0.996017,2.7550849856224375
507,35.28742759153005,1.00396,2.7741791285077584
508,23.761836321077393,1.01099,2.769934503030984
509,31.203262165980117,1.00199,2.7750671725209792
51,23.10521425006969,1.00119,2.731542738502475
510,22.35578889838103,1.00542,2.76174133450416
511,17.287810763093212,0.994134,2.740823062606888
512,24.242644894488997,1.00113,2.755833657805738
513,21.607772565554832,0.996919,2.7509677555655565
514,32.980709940321645,1.0068,2.7633570296176853
515,23.030851761971768,0.998457,2.7473405736108343
516,27.160640048080133,0.997619,2.7597230439949056
517,20.64310397394977,1.00019,2.7512433130401015
518,30.427060638219814,1.00066,2.738233629976988
519,21.330203557008417,0.994556,2.7457943054697154
52,26.631768070405204,0.999407,2.734217130943466
520,24.6666402553872,0.994341,2.745977661917508
521,18.90296803754281,0.997137,2.735917516705705
522,20.416204161684245,1.00334,2.759964525450744
523,18.32230043116638,1.00431,2.7202135524890036
524,27.899408768419978,0.998567,2.7496093756875783
525,19.333701095813417,0.995111,2.742287600721748
526,27.28443720270281,1.00184,2.752257095268592
527,18.517186470762837,1.00909,2.7252823276300666
528,28.39978158375235,0.99583,2.7455319373665037
529,34.617444133407524,0.998258,2.754824901377055
53,24.787629720382412,1.00378,2.751449207328748
530,26.257598298876186,0.99881,2.7490871005069986
531,22.59253688548793,0.994749,2.7406905352661903
532,26.3190373259559,0.994731,2.7476189310711225
533,24.655283462956742,0.992841,2.7621197295177864
534,15.967796898719046,1.0078,2.71886722828652
535,21.43976397461964,0.996587,2.737537014341577
536,22.491581810128437,1.00219,2.7488149236814823
537,25.042345323965492,1.00195,2.7366294734909875
538,42.98827317511748,1.00763,2.7753739012296896
539,24.792196191091783,1.00435,2.733722957849301
54,23.151812683346847,1.00249,2.744997795464761
540,20.392712663393354,0.98835,2.728453143997311
541,25.343407107981633,1.0007,2.752757787992884
542,20.451256703389248,1.0083,2.7505592211446372
543,21.667809066806257,1.00725,2.7624536505255186
544,21.33462432984354,1.01132,2.741690959509976
545,34.3427445909476,1.00123,2.7696857718133705
546,27.150010382219772,0.99528,2.7557828939412983
547,33.28051207503277,1.00889,2.776639515557398
548,18.69756277527412,1.00261,2.7369098966967957
549,19.03596948739122,0.987469,2.7098858672446835
55,23.450116250099644,0.989697,2.739996449121672
550,25.00115081983079,1.01489,2.762246932761012
551,25.18459666733344,0.992403,2.742177101813426
552,30.393799904913415,0.99213,2.734550826987842
553,20.93341098409086,1.00017,2.7357096350684227
554,23.83471701505407,1.00873,2.7651232888036663
555,18.483107949851423,1.00534,2.738479536639696
556,35.119635516347664,0.992488,2.7578872052154315
557,20.6262368299034,1.00261,2.7499734443378445
558,30.072186077801813,0.999651,2.7531793277921923
559,18.74088087007019,0.994693,2.7178188096005775
56,24.438525546389812,1.00474,2.743152803205801
560,25.380782065007878,0.994942,2.761553746114709
561,15.564852161122836,1.00443,2.721363151841514
562,20.46703819346333,0.995993,2.741012398496038
563,23.109736838996934,1.002,2.7271906545694784
564,22.66104848507839,0.993717,2.733014903715972
565,20.05326070724956,0.997467,2.750337561193498
566,41.32472764603931,0.996696,2.772084726513513
567,17.172162913151958,0.99811,2.737319555267812
568,27.857042065639344,1.00132,2.7533885369198923
569,25.40884944976782,1.00058,2.7626190358755394
57,20.4984017190828,1.00425,2.758573119654644
570,21.59334879867296,0.99652,2.7484446798725894
571,20.127739360233054,1.00845,2.751705804853145
572,23.904243274984374,0.993566,2.750977257087983
573,26.272112794071024,1.00437,2.743857165837242
574,20.520597404855913,1.00088,2.747201405455872
575,31.195359868491764,0.997702,2.7773492790687206
576,32.59417552761142,0.994218,2.7489699978721007
577,20.58661771846985,1.00658,2.737839594834681
578,20.225999864726,1.00094,2.7653875290926084
579,26.783973091516348,0.985443,2.7570808388375605
58,19.103810434362124,0.993843,2.7372880408932097
580,27.1769052344228,1.00039,2.76689386243471
581,25.083896491830753,0.986948,2.745247470163473
582,29.340330393018444,0.998475,2.7702151496828167
583,25.50116375060617,0.990013,2.748229518351512
584,22.563683538313615,0.997465,2.7594339295201316
585,26.4904905120546,1.0017,2.7437181741363523
586,16.85543635283499,0.99111,2.725043880672514
587,23.273408906648726,0.994794,2.721212767911388
588,20.261425637803423,0.993983,2.758741448797785
589,28.77464670045422,0.999704,2.7495207401823816
59,23.337535952102886,1.00996,2.7516772928354114
590,29.335263934950202,0.996907,2.7666581451591186
591,28.669822225380337,1.00242,2.768518946662791
592,19.655767209827317,0.996538,2.7398608073671715
593,25.167785274569958,1.00641,2.7510976125459297
594,24.360432803988044,1.00004,2.7452379884309948
595,24.467522704939473,0.999981,2.760768556769427
596,19.06953047094664,0.995131,2.743260183134216
597,18.17083982011486,0.999083,2.7248776076418704
598,20.621013188265298,0.994992,2.721967904453692
599,29.10985217366684,0.994067,2.7586747511162457
6,17.74822803348935,1.01067,2.7289400808471065
60,17.368807425221558,1.00982,2.7332855160857514
600,20.59183264717002,1.00791,2.759611842535382
601,25.505568025853886,0.992313,2.7429127926816084
602,23.862173549320246,0.992188,2.7519592579955767
603,24.71781059223079,1.00557,2.753470957001656
604,25.98932499620266,0.99614,2.726151580661547
605,22.32286845301315,1.00228,2.7492295293534363
606,28.442318802037796,1.00265,2.7582364921803753
607,25.594402769771207,0.994996,2.7618144656333192
608,33.62288692079071,0.999331,2.761909856972932
609,21.235867161551933,1.00246,2.7570046589311534
61,36.91773091424787,1.00814,2.7756199477165207
610,21.77183327979167,0.993158,2.7467554822679507
611,20.574770518926698,0.997218,2.7460819908786576
612,22.39107785397227,0.990363,2.750337561193498
613,28.727643320808323,0.99792,2.756160472569925
614,19.027643240335053,0.99121,2.7433454584246486
615,28.234168354943318,0.996617,2.7677923204827106
616,21.918205779658173,0.999938,2.7446723043273087
617,18.570773794205593,1.00105,2.7297727870862247
618,32.72954742143814,0.999806,2.754425307579507
619,22.379222800156423,1.00197,2.753277590705704
62,19.748540274268912,0.999809,2.7363459286807954
620,23.739960936572633,0.992452,2.7450926059671334
621,24.220326872795983,0.995845,2.7491852173660294
622,27.10722121785133,1.00301,2.7613916037064485
623,23.292172618059613,1.00158,2.733106153730223
624,25.703661901641496,0.990109,2.7478466990612938
625,24.796192543047102,0.993496,2.747144475060733
626,21.696765743323763,0.99036,2.7259475794250547
627,18.26249037275674,0.998133,2.7413595482633424
628,21.226578689191427,1.00842,2.745250630748243
629,25.52260504826409,0.997033,2.756890393018211
63,32.28828663754032,1.00687,2.7635924656406172
630,40.1716805062809,1.00192,2.774262170936217
631,18.768086655985286,1.00382,2.7476727079217107
632,25.477687123849485,1.00117,2.759132139031284
633,23.167544186187087,1.00656,2.7605842126930837
634,21.228045019946062,1.0039,2.758585823382582
635,23.227367963571073,0.995227,2.744703903716874
636,20.73242008356875,1.00535,2.731272298678582
637,26.9901314683033,1.00395,2.7354671264550756
638,22.12254055892604,1.0029,2.751195801161555
639,22.650875865498705,0.998383,2.7518673785341194
64,23.513647322720338,0.988459,2.7466637765445707
640,35.4829729370235,0.996071,2.7726752132844297
641,17.85541711214787,0.988242,2.724796043449357
642,27.62358240404266,1.00129,2.7480523391581655
643,24.504734418221034,0.993966,2.728167305423985
644,21.18629426109051,0.991808,2.728161023593848
645,18.261859619578125,1.00007,2.740210966067875
646,31.510841412638978,1.00219,2.751382685950645
647,30.966348706969466,1.01187,2.7672825212513845
648,18.543854028467955,0.998904,2.7306591912823053
649,26.202335310860864,0.997547,2.760361744855635
65,22.24743773690184,0.993051,2.7392867701084653
650,18.573553453362223,1.00438,2.75158225490994
651,32.75970633519641,0.996411,2.753436086665971
652,27.10628498376729,0.987357,2.7587033356394493
653,26.214102908317102,1.00032,2.7505560544481304
654,22.049309826174454,1.00731,2.736950859794877
655,24.39776253636688,1.00161,2.755602055273595
656,20.586143699536475,0.994878,2.7270273901543987
657,20.117777472271282,0.995165,2.7180034271384512
658,38.192668206135856,0.996185,2.7613407374618046
659,24.22144228575122,0.99582,2.7368815379880367
66,23.21239755243773,1.00171,2.7358545206020812
660,19.462113456729828,1.00284,2.735769478163073
661,21.2454042937742,1.00072,2.749603044485307
662,22.43907757576818,0.98701,2.75194658478403
663,22.430553993926317,0.996738,2.725338804965418
664,31.284916487366978,1.00054,2.7624409289856198
665,20.645480735938747,0.992691,2.731319466487459
666,30.877704024468027,1.0011,2.758398449327921
667,24.206109859310352,1.00674,2.734113252751272
668,20.35237049750351,1.01068,2.7273256690651966
669,17.169395310556684,0.998643,2.7425938638241343
67,21.53723763768901,0.999748,2.720398332698331
670,28.06725885414676,1.0111,2.762068849860693
671,19.59340881064061,0.997334,2.7471160103055796
672,27.589891971621025,1.01392,2.756217589807913
673,26.20927453683358,0.993107,2.7545426426036785
674,26.61828066616719,0.994753,2.7645694212273897
675,32.16806961843333,1.00489,2.751987772934945
676,20.960420931948782,1.00407,2.738173732980694
677,34.15308979726373,1.00262,2.7661867708499175
678,23.47415673474936,1.00096,2.7598755561403387
679,18.48651297776346,0.994838,2.7402835270711727
68,19.634054853975837,0.997759,2.7521145095735826
680,21.956089882426898,0.993658,2.7516867968084973
681,20.20505328004041,1.00063,2.7402330496480887
682,21.909123325868414,1.00406,2.744296299513724
683,27.180973052722706,1.00733,2.7719857923840054
684,19.448226330224163,1.00787,2.740084777595052
685,17.629297228570866,1.00252,2.720874434452417
686,28.113829068281245,0.999127,2.761913036740995
687,18.93847478254258,1.0119,2.736163215370206
688,27.79553259206421,1.00034,2.7429412138843383
689,22.364026592728752,1.00071,2.730979876443803
69,19.705161562770453,0.998636,2.738570969107336
690,21.69401819159024,0.997041,2.7468124046018048
691,19.526077108151114,1.00233,2.759074961394943
692,23.46821185088372,0.997858,2.7552689624758107
693,28.65398307303697,0.999487,2.7330243432313384
694,22.479155936401934,0.989351,2.734487862353049
695,31.326004068583167,1.00221,2.7768664922648894
696,26.93239652811519,0.995479,2.769535906094575
697,22.149044719759143,0.990139,2.738857897704863
698,20.641202761365847,0.993159,2.7261453034727827
699,21.858733740515113,0.999401,2.7136635423002766
7,18.87426289776131,1.00351,2.742145531514575
70,20.62362484370101,0.991232,2.7402551334062752
700,15.487096341458921,1.00135,2.7169115497485383
701,21.808711128612497,0.995762,2.7318069148791317
702,22.74285591812104,1.00644,2.755440262314078
703,22.87362516742874,1.00118,2.750334394752186
704,41.39281857817872,1.00185,2.7703427257425024
705,17.132273544704546,1.0067,2.7463033078575303
706,36.97983763513381,1.0029,2.768694257850727
707,27.17158669827736,0.999331,2.7409240401201753
708,22.869675373366196,1.00669,2.740734710334395
709,20.097868485316997,0.985079,2.7327222949100998
71,23.701727461277972,0.987419,2.741971901367706
710,23.761562754401695,1.00685,2.7719092006442017
711,33.15965473956512,1.00509,2.769701715452186
712,19.376262078597616,1.00355,2.7482959634941064
713,19.619141523596216,1.00972,2.7388011402126615
714,27.259632712858703,0.998254,2.7385142175611707
715,24.180206197446715,0.994177,2.7610800626638605
716,28.341315190836358,0.993546,2.740157335256869
717,15.113672249297569,1.00192,2.7300902250151986
718,25.517904043662433,0.997899,2.739725172327528
719,35.252100534143985,1.00162,2.770227907024408
72,25.54288805314629,1.00311,2.7665179984611914
720,17.0153152552738,0.995828,2.7303511174798554
721,34.79124738767262,0.999593,2.7509519197677723
722,33.92657356315027,0.992332,2.7483940521169
723,18.104019136107382,0.997091,2.7285850795933735
724,32.01879620992003,0.992864,2.7718964355599853
725,18.603086267017485,1.00267,2.7177155544122975
726,18.22468371587304,0.998447,2.7242910272377623
727,30.256591374165346,0.99963,2.756503193753364
728,25.89941770648219,0.99526,2.747903644008958
729,22.756999501656576,0.998116,2.7154543113216056
73,26.92309601413487,1.00152,2.759113079687514
730,25.866638879553168,1.00941,2.737644174441551
731,25.304921826615807,1.00272,2.727350788778594
732,41.21164973264035,0.996846,2.769618809532562
733,19.95790724971812,1.0047,2.750505387799841
734,29.866889831864267,1.00851,2.7712167797284373
735,21.91366408221803,0.999281,2.7278877779822186
736,20.230890524919975,0.999639,2.7257373172048833
737,25.45628356131247,0.998161,2.7555608130288327
738,20.512330246808677,0.995107,2.7222154844399387
739,28.91045987549482,0.996772,2.7364120865086647
74,20.094398006062743,1.00594,2.750983591454499
740,19.02501465585462,0.988952,2.7372281645810332
741,21.880890864289253,1.00643,2.759224261048864
742,24.5994275040086,0.999176,2.748871888694131
743,39.8070505216571,1.00195,2.781906312671146
744,28.1779893079138,1.00807,2.7479637538450867
745,30.62668558003769,0.994072,2.7482326823694936
746,27.073537154421174,1.00637,2.7429475297471604
747,18.434654392808206,1.00627,2.7386056511867394
748,21.738020801373928,1.00367,2.7490016467409766
749,22.67488013757785,0.987833,2.7377198193906116
75,17.503302559369036,0.992799,2.7433454584246486
750,18.87122097117094,1.00307,2.7440593481532582
751,39.26720592876677,1.00036,2.7670085429653564
752,24.8070430315999,0.990754,2.755592537777709
753,21.579928429589415,1.00114,2.75100259464156
754,25.064555087385063,1.0013,2.744514312836386
755,20.02741974118105,1.00954,2.7273633487220534
756,20.898494440531845,1.0072,2.75996770297916
757,21.404495694661293,0.999754,2.7318100599898822
758,25.594992109459028,0.993823,2.74841936587817
759,19.42182336317347,0.998341,2.74212343252164
76,22.515417270287546,1.00306,2.751708972873352
760,25.08880638581824,0.999286,2.7360403632799626
761,18.212098897501125,0.996178,2.729785358183424
762,21.23635614109313,0.999183,2.7502140726836135
763,30.099203276095658,1.01614,2.779198073138694
764,21.252498783971287,0.996515,2.7228047526918044
765,24.34305049795875,1.00477,2.7553768166877997
766,23.93839340921635,1.00652,2.7402772173424372
767,24.726918647845807,1.00102,2.7542540708388077
768,28.3308757875837,0.996479,2.757144323700851
769,16.93947709663732,0.997094,2.731077347043227
77,23.027405037673926,0.990306,2.762774888824126
770,25.666993463238423,0.990756,2.76980375691396
771,18.064668651703517,1.00652,2.7466258302442914
772,19.67546477126812,1.00013,2.740901950971259
773,35.500134624448286,0.996409,2.7573728813127243
774,18.008394668053775,0.997349,2.736928802665881
775,20.274959716413395,0.994857,2.745961854844929
776,24.136817126628873,1.01661,2.7607526645538587
777,25.698631680072314,1.0031,2.7540416252363236
778,22.789248285460413,0.997735,2.750768231175163
779,31.201825235740596,0.993059,2.758865320198943
78,22.966774167516093,1.00407,2.7552943395576364
780,24.637407116953103,0.997726,2.752244420685457
781,18.359886834633897,0.999472,2.7310962127223477
782,18.71673105853942,0.993851,2.7325555533683934
783,18.356505129971207,1.00748,2.729665935097387
784,26.31237196957584,0.994415,2.7601297617793246
785,18.514415247310225,1.0047,2.7292197161186484
786,24.066060270279237,0.993382,2.7252289889991137
787,21.842633562540254,0.998877,2.747416486485007
788,27.980791800771897,1.00017,2.7402740624835173
789,22.52993817673908,1.00001,2.748580746587192
79,19.399699375331185,0.99864,2.7357190838910763
790,20.751285235158413,0.994695,2.749780323659544
791,22.79370902756133,0.997709,2.7305523045967877
792,22.3975234517842,1.00695,2.7362545705004164
793,20.56837586627887,0.993584,2.747255174134581
794,27.252729148546294,1.00197,2.7731253444221156
795,22.298980102526677,0.998629,2.753518508171091
796,28.72532823958197,0.999723,2.747119173041587
797,23.21426832604018,0.995437,2.7514998913629944
798,21.917196432221562,0.999908,2.734557123531061
799,25.739197364255336,1.00579,2.7612962302663595
8,21.911393586419102,0.995952,2.7361222640605556
80,26.18906538873691,1.00424,2.751956089687219
800,21.86603304017064,1.00183,2.7695040208176613
801,21.190441242754368,1.0027,2.773422279422455
802,17.921526551270002,1.00919,2.7465056704185913
803,23.56188326550409,0.987994,2.755627435423334
804,23.398337446649503,1.0098,2.745740565382809
805,29.353845226162225,1.00431,2.747040105733756
806,17.6443230224127,1.00076,2.734147878376825
807,25.24991962383459,0.99312,2.732882753924102
808,25.310166376237976,0.998148,2.741192279705428
809,30.208210574802962,0.996265,2.743064375832555
81,26.123718782150284,0.990279,2.769411555590498
810,18.25492277226225,0.991786,2.7339716070310933
811,30.86668571695191,0.99387,2.77047987655939
812,20.069659298991606,0.985105,2.7227201158972063
813,24.725779957379835,0.996399,2.7643434496631794
814,15.396074360558801,0.999715,2.7192647942206993
815,25.96749161155723,0.992254,2.7508600739382425
816,23.65837982925527,0.996254,2.741223839029499
817,28.28329478378497,0.999696,2.7538482188644076
818,17.406040913031937,0.997944,2.739315153739486
819,21.38429810421794,1.0047,2.7670212855399434
82,25.863958812235897,1.00964,2.7489541735743015
820,19.110189780877704,1.00127,2.73002736308838
821,19.681808414150822,1.00289,2.7346137930724654
822,21.963421692275436,1.00048,2.7618112859787405
823,24.405628713581343,0.997115,2.7631629690586474
824,27.115024426205512,0.997583,2.743257024841032
825,28.089564114416707,1.00981,2.777755396531607
826,18.96160083919719,1.0071,2.7384921478330515
827,33.2119977630587,1.01002,2.7732115480824926
828,21.81825433449143,0.995848,2.740390794682598
829,25.229288325751124,0.996035,2.7445522299647727
83,17.499474207964397,0.992201,2.7346673153843497
830,28.3308757875837,0.998083,2.7577443278423157
831,22.354244668529667,1.00293,2.7482769790037267
832,22.30925152726271,1.00502,2.7216294771071863
833,24.084353889666964,1.01454,2.7459997919719865
834,20.52744985986756,0.999704,2.741779342608797
835,21.476821123818652,1.01047,2.755649643246112
836,26.14237258540033,0.997141,2.749754997363447
837,21.169958175261797,1.00953,2.759132139031284
838,20.839389886426922,0.988852,2.737215559208523
839,30.431614937283996,1.00608,2.751325668906617
84,22.270758062256967,0.996607,2.77421426153951
840,29.85451360684527,1.00259,2.741700428991429
841,25.545534850566483,0.992865,2.7612390077834457
842,16.748657438325267,0.997802,2.7317503035048083
843,30.989530742109572,0.998042,2.769676205674135
844,22.95091476024226,1.00485,2.7415331396341167
845,18.783650547748326,0.997991,2.7444447994615353
846,22.907357836206263,1.00003,2.729417677507739
847,28.4184246806359,1.0041,2.746154707347157
848,22.982115345010566,0.995627,2.735870269491999
849,20.62481206914999,1.00552,2.7322032273499333
85,19.499792949034692,0.998977,2.727548614606795
850,31.73291730737277,0.994401,2.7766331221160017
851,27.49286502958159,1.00625,2.780580674385948
852,29.152446029114333,0.999792,2.756646006823935
853,20.142575491828783,0.99773,2.758573119654644
854,23.73230931071275,1.00056,2.7487642891057122
855,25.01439480024397,0.995999,2.734100661723427
856,24.966921742829797,1.0006,2.7703044523077103
857,21.417560383462863,0.994093,2.739971212937975
858,22.63341048681216,1.00387,2.747517706913481
859,21.21582869142131,0.999382,2.7595546549581207
86,27.680249475808946,0.987247,2.752257095268592
860,27.48432022846236,0.99433,2.7745943655087637
861,24.374459833262605,1.00597,2.7379278537781726
862,24.074096663765065,1.01047,2.7460788293367493
863,18.19093407691657,1.00186,2.7204672370060727
864,23.720017221271398,1.00542,2.759974058046966
865,31.459006272197133,0.991674,2.7462874989103883
866,28.460989822568553,0.991929,2.768566757704045
867,17.123597068617688,1.00333,2.728060516278805
868,24.1824333793041,1.01178,2.7334491551686004
869,19.522705365243638,1.0013,2.7550596104688228
87,29.33492620218717,0.989829,2.765454389071906
870,29.92230187086764,1.00076,2.7605969256824685
871,25.04378691873344,0.993159,2.757052271125986
872,18.507595540975053,0.989128,2.7206551667160377
873,18.49737069120171,1.00224,2.741839318477072
874,20.44490043891916,1.00525,2.7417509334448886
875,20.348856071103615,0.995084,2.7217861512031516
876,19.071945630786566,1.00672,2.7289903502441017
877,27.696188095325624,1.00359,2.738176885421519
878,20.89897565168962,1.00416,2.7407725752452836
879,20.66664597697315,1.00243,2.742218143745319
88,21.98087618755803,1.00835,2.738195800142683
880,22.20189273009274,1.00184,2.7494004537096988
881,28.118360847350047,0.991494,2.758611231013967
882,24.181041366604536,1.0021,2.74587017561833
883,25.690052985755646,0.99294,2.7533853669660173
884,21.80519626296486,0.995219,2.758058667834381
885,40.897805010288295,1.00392,2.755186488574065
886,24.51602186428789,1.00433,2.7521620373177993
887,22.51075182394544,0.993652,2.753464616907775
888,22.115919475765644,0.995374,2.740466515524629
889,17.14194115818965,1.00593,2.723111975015014
89,29.855201040339512,1.00081,2.7731540786778384
890,28.21824501089436,1.00181,2.7365822139823295
891,25.496466695273742,0.996316,2.7534043867440126
892,22.504014552544245,1.0044,2.7506542237351645
893,26.505438897196434,0.994562,2.759662676932311
894,35.81747776848549,0.996244,2.758690631370348
895,25.1451945422126,1.00194,2.746980016101801
896,28.279387572114814,1.0024,2.7795148585242844
897,17.879896479428783,1.00367,2.728528534985307
898,16.81860612710922,0.995001,2.7289997758591285
899,24.596029202256357,0.996082,2.749802484359979
9,20.212963883463175,0.997358,2.7184572014909745
90,23.58468064853073,1.00712,2.733329571798187
900,27.95825103091727,0.992788,2.751835696672477
901,20.07428104090122,0.989213,2.7399743674482253
902,23.07783160209944,0.996119,2.762323257518799
903,17.230187361378672,0.993757,2.727981997515317
904,17.3732072296755,0.997029,2.7580110382598426
905,24.027024985383324,0.993851,2.7453043612460677
906,21.532774881109848,1.00347,2.73101131819256
907,21.7292631784815,0.994266,2.7350860849238754
908,18.69734751286667,0.999897,2.758804971898473
909,25.339614293978393,0.99255,2.7477581203771617
91,28.82803230083813,1.00254,2.748599733175931
910,24.522514499911775,1.00148,2.7476252577047977
911,24.362957073388053,0.996577,2.739681013531022
912,26.416179074609463,1.00442,2.744100418256572
913,28.663551514249406,0.996946,2.7433328248810236
914,27.03335826361775,1.00039,2.7461515457215313
915,32.54730247439396,1.00405,2.769465758969926
916,32.52445290411189,0.996763,2.7689014581125124
917,21.590117206513654,0.990811,2.724937213788113
918,21.562047577862614,1.00109,2.7358513708349763
919,19.432559225557817,0.999478,2.754371398568511
92,22.471134541656582,1.00059,2.761553746114709
920,23.73285577362053,1.00128,2.732678248985732
921,29.31196949383709,1.00466,2.7482136983162433
922,17.59502952778321,1.00018,2.7468124046018048
923,22.94404575191883,1.00005,2.7612040390720956
924,25.18227718707672,0.995539,2.767053142233146
925,24.68226438704062,1.01126,2.7557765485239925
926,19.370239923186848,0.994934,2.742631754420355
927,17.616515083213148,0.992567,2.727598858371799
928,28.353064117606856,1.00537,2.749349808348166
929,23.1510130618745,0.989997,2.740917728916606
93,26.372117374964702,1.00214,2.7740769258543065
930,26.794150967049767,0.998352,2.7555957102726856
931,22.355016770121388,1.00806,2.72794430931157
932,25.886897255056745,0.999687,2.754092357025113
933,25.05388040601973,0.99243,2.7573252635811976
934,24.18466076630194,1.00422,2.7486693517900873
935,17.644119885806212,0.997143,2.7306497599358703
936,23.770865788501627,1.00574,2.7420350383308496
937,19.1421184815697,0.99704,2.752954287236337
938,23.522853293940244,1.01192,2.7415741719278826
939,18.680349611717048,0.994969,2.7439456187674303
94,22.601122020621503,0.99052,2.7288301197694538
940,32.70054568960905,0.993837,2.7620752097665746
941,24.585554060221288,0.994233,2.7455066501993106
942,25.422016718877487,0.991447,2.7541335772916193
943,19.635863300537473,0.995955,2.747957426431996
944,22.082335302175156,1.00263,2.7606477782254677
945,27.34953834983935,1.00133,2.753334648200346
946,23.7577331516266,1.00877,2.751575919164951
947,33.94689053800784,0.999122,2.7482991275885866
948,30.79214902854802,1.00393,2.7597135122656535
949,19.55802513831357,0.997729,2.746948390507674
95,22.28127300842884,1.01091,2.742448621387968
950,28.7995034576403,1.01035,2.776658695969916
951,26.345412325682794,1.01296,2.7716188095216547
952,20.820924052201164,1.0077,2.7480333563506774
953,26.083447956437713,0.999635,2.756918959052455
954,25.660197812812022,0.998388,2.735949015301473
955,22.744165139828336,1.00002,2.7439487778533875
956,21.505274975613627,0.997132,2.7290092015067104
957,25.338155670507966,0.995309,2.7459492092523807
958,43.75069939410571,0.995907,2.759840604695927
959,17.925240861709177,1.00302,2.737464526064228
96,22.108536759242963,1.00305,2.7444100434343537
960,22.258966712279552,0.99369,2.7388547444799944
961,26.257598298876186,0.999806,2.7698420234313423
962,29.65548287722483,1.00141,2.751062772266607
963,18.471195290377253,1.00856,2.7258094949448135
964,21.360676360781703,0.99192,2.7306874855170578
965,25.65842533036309,1.00044,2.7725890262957074
966,22.199336789865487,0.99438,2.7513636801380157
967,18.492899095924113,1.0028,2.733543566788179
968,26.9268158342574,0.994632,2.7449409107351443
969,23.314709041600665,1.00116,2.758427030988172
97,21.510722615299215,0.996227,2.7502330705550087
970,24.228414780618,0.999738,2.731747158462855
971,20.32029460087419,0.99656,2.7471697773129207
972,24.504734418221034,0.99787,2.75045155550866
973,33.72174189552258,1.00807,2.76850938455362
974,24.33156256073236,0.993276,2.731715708242473
975,18.126126226410314,0.999883,2.730652903714396
976,26.3487489774117,0.99585,2.7615855398601745
977,26.58734677229042,1.00404,2.754466532829256
978,24.45006398526655,0.996403,2.7540574788199335
979,17.027857222941012,0.997425,2.7372344672890576
98,19.133084960667496,1.00404,2.737209256544036
980,24.164899873881275,0.996041,2.7620147912519557
981,33.05673832871223,0.994208,2.74158048464297
982,22.75804752434429,1.00127,2.764270251568097
983,23.914978788022392,1.00319,2.7315238697388735
984,18.67755396978577,0.994004,2.746018760732061
985,24.199143783392167,0.990296,2.747350062605397
986,31.690566302974364,1.00584,2.7514080272383774
987,22.691855011597415,0.995633,2.740334005424094
988,36.098570148777014,0.998485,2.775610361081403
989,22.239499027785484,1.00617,2.7504642218353266
99,33.33649990048137,1.00966,2.7645439587192984
990,25.561715684094274,1.0085,2.7531191038689347
991,24.571971334345115,0.992809,2.7326467880458356
992,28.606188757582647,0.986789,2.752120846558723
993,22.403455040500138,1.00271,2.7368846889411658
994,25.764991291101698,1.00354,2.751899060760515
995,22.046009996332558,0.99697,2.7420224108219178
996,19.607625345425607,0.998739,2.7271843749881612
997,19.630664465582292,0.992657,2.746274851818197
998,17.38541251782561,0.996038,2.74556038570799
999,51.86507377616716,1.00011,2.7693445999393744
